Job Profile,Company,Location,CTC,EXPERIENCE,LOGO
Online English Teacher - Work From Home,PlanetSpark,Hyderabad,"₹ 3,00,000",1-5 years,none
Business Development Executive,Urban NXT,Mumbai,"₹ 2,00,000 - 3,00,000",0-5 years,https://internshala-uploads.internshala.com/logo%2F62fb5a41460d21660639809.jpg.webp
Social Media Marketing Manager,Urban NXT,Mumbai,"₹ 2,00,000 - 3,00,000",0-5 years,https://internshala-uploads.internshala.com/logo%2F62fb5a41460d21660639809.jpg.webp
Mechanical Design Engineer,CAD Dzigner,Mumbai,"₹ 3,00,000 - 4,00,000",1-2 years,https://internshala-uploads.internshala.com/logo%2F642abda23ea6c1680522658.png.webp
Sales Associate,PlanetSpark,Gurgaon,"₹ 6,00,000 - 7,00,000",0-4 years,none
Accounts Executive,Ekostay LLP,Mumbai,"₹ 2,00,000 - 2,40,000",1-2 years,none
Corporate Sales Associate,Nexstep Infotech Private Limited,Mumbai,"₹ 3,00,000 - 6,00,000",1-3 years,none
Associate Telecaller,Best Roadways Limited,Mumbai,"₹ 2,50,000",1-3 years,https://internshala-uploads.internshala.com/logo%2F649aa45519b471687856213.png.webp
Sales Representative,PlanetSpark,Gurgaon,"₹ 6,00,000 - 7,00,000",1-5 years,none
Associate Telecaller,Paisabazaar,Mumbai,"₹ 2,50,000 - 2,75,000",0-1 years,https://internshala-uploads.internshala.com/logo%2F3umoyoz71ze-18379.png.webp
Corporate Sales Executive,Thomas Cook,"Faridabad, Delhi, Gurgaon","₹ 2,50,000 - 3,00,000",0-2 years,none
Customer Service Associate,Paisabazaar,Gurgaon,"₹ 2,67,000 - 3,00,000",0-3 years,https://internshala-uploads.internshala.com/logo%2F3umoyoz71ze-18379.png.webp
Sales Executive,PlanetSpark,Gurgaon,"₹ 6,00,000 - 7,00,000",0-5 years,none
Executive - Music Tracking (Contractual),Saregama India Limited,Kolkata,"₹ 2,00,000 - 2,16,000",0-1 years,https://internshala-uploads.internshala.com/logo%2F61b885deac9751639482846.png.webp
Patient Counselor,Lupin Digital Health,"Mumbai, Jaipur","₹ 2,20,000 - 3,18,000",0-2 years,none
Lyfe Care Manager,Lupin Digital Health,Work from home,"₹ 3,50,000 - 4,00,000",0-2 years,none
Senior Sales Associate,PlanetSpark,Gurgaon,"₹ 6,00,000 - 7,00,000",1-5 years,none
Online English Tutor-WFH,PlanetSpark,Mumbai,"₹ 3,00,000",1-5 years,none
English Tutor-WFH,PlanetSpark,Delhi,"₹ 3,00,000",1-5 years,none
English Teacher - Work From Home,PlanetSpark,Pune,"₹ 3,00,000",1-5 years,none
English Teacher,PlanetSpark,Bangalore,"₹ 3,00,000",1-5 years,none
.NET Developer,Hansa Cequity,"Thane, Navi Mumbai, Mumbai","₹ 5,00,000 - 7,00,000",2-5 years,https://internshala-uploads.internshala.com/logo%2F64ae54d574f1c1689146581.jpg.webp
Associate Center Manager,Cultfit Healthcare Private Limited,"Delhi, Ghaziabad, Gurgaon, Noida","₹ 2,40,000 - 2,70,000",0-3 years,https://internshala-uploads.internshala.com/logo%2F6373366b0e32e1668494955.jpg.webp
Growth Associate - Influencer Partnership,Bhanzu (Formerly Exploring Infinities),Bangalore,"₹ 3,00,000 - 3,60,000",0-3 years,none
Telecaller,Paisabazaar,Gurgaon,"₹ 2,00,000 - 3,00,000",0-5 years,https://internshala-uploads.internshala.com/logo%2F3umoyoz71ze-18379.png.webp
Inside Sale Executive,IndiaMART InterMESH Limited,Noida,"₹ 3,00,000 - 3,60,000",0-2 years,https://internshala-uploads.internshala.com/logo%2F61b380f860b701639153912.png.webp
Business Development Associate,Urban Company,"Pune, Mumbai","₹ 2,80,000 - 3,50,000",0 years,https://internshala-uploads.internshala.com/logo%2F5dvketocbza-31220.jpg.webp
Junior Operations Executive,MyGate,Bangalore,"₹ 2,50,000 - 3,00,000",0-3 years,none
HR Trainee,Wipro Infrastructure Engineering,Bangalore,"₹ 3,00,000 - 3,20,000",0-1 years,https://internshala-uploads.internshala.com/logo%2F646483003b11b1684308736.png.webp
Graphic Designer,ITV Network Private Limited,Delhi,"₹ 3,00,000 - 4,00,000",0-1 years,none
Data Entry Executive,Collegedunia,Work from home,"₹ 2,00,000 - 2,00,002",0-1 years,none
Data Entry Executive,College Dunia,Work from home,"₹ 2,00,000 - 2,00,002",0-1 years,none
Data Entry Executive,College Dunia,Work from home,"₹ 2,00,000 - 2,00,002",0-1 years,none
Business Development Associate,Urban Company,Pune,"₹ 3,00,000",1 year,none
OMNI SPORT LEADER FITNESS,Decathlon Sports India,Gurgaon,"₹ 2,00,000 - 2,10,000",0 years,https://internshala-uploads.internshala.com/logo%2Fjo7x6pm42co-5982.png.webp
Human Resources (HR) Executive,PolicyBazaar.com,Gurgaon,"₹ 3,00,000 - 4,00,000",1-2 years,none
Omni Sports Leader,Decathlon Sports India  Private Limited,Ghaziabad,"₹ 2,00,000 - 3,12,000",0 years,https://internshala-uploads.internshala.com/logo%2F9ojp1svpn08-19279.png.webp
Java Developer,Ghar Pe Shiksha,Delhi,"₹ 2,50,000 - 3,50,000",1 year,https://internshala-uploads.internshala.com/logo%2F5e2fdd3b05e211580195131.png.webp
Sales Officer,HDFC ERGO General Insurance Company Limited,"Sitapur, Sikar","₹ 2,00,000 - 3,50,000",0-5 years,none
Business Development Associate,Urban Company,Bangalore,"₹ 3,00,000 - 3,50,000",0-1 years,none
Business Development Associate,BYJUs,Work from home,"₹ 5,00,000 - 5,76,000",0-3 years,none
HR Payroll Specialist,AQM Technologies Private Limited,Mumbai,"₹ 5,00,000 - 5,50,000",4-5 years,none
Customer Service Associate,Timezone Entertainment Private Limited,"Chennai, Pune, Hyderabad, Mumbai","₹ 2,00,000 - 2,20,000",0-3 years,none
Client Acquisition Specialist,PlanetSpark,Gurgaon,"₹ 6,00,000 - 7,00,000",0-5 years,none
Academic Counsellor (Odia & Hindi),CollegeDekho.com,Kolkata,"₹ 2,20,000 - 2,80,000",0-4 years,none
Business Development Associate,HDFC ERGO General Insurance Company Limited,"Idukki, Kundapura","₹ 2,76,500 - 3,50,000",0-2 years,none
Business Development Associate (BDA),PlanetSpark,Gurgaon,"₹ 6,00,000 - 7,00,000",0-5 years,none
Data Entry Executive,SIA Group,Hyderabad,"₹ 2,00,000 - 2,50,000",0 years,none
Associate Telecaller,Paisabazaar,Chennai,"₹ 2,23,660 - 3,00,000",0-3 years,none
Human Resources (HR) Manager,Aloe Vera Of America,Work from home,"₹ 3,00,000 - 10,00,000",0-1 years,none
Human Resources (HR) Associate,Morningstar,Navi Mumbai                                            (Hybrid),"₹ 2,50,000",0-1 years,none
Client Acquisition Associate,Square Yards,Bangalore,"₹ 2,50,000 - 3,00,000",0-1 years,none
Client Acquisition Executive,Square Yards,Bangalore,"₹ 3,00,000 - 3,50,000",0-2 years,none
Field Sales Executive,C G Marketing Private Limited,Work from home,"₹ 2,00,000 - 3,00,000",1-3 years,https://internshala-uploads.internshala.com/logo%2Fewjvr2l0vtn-14507.png.webp
Recruiter,CareerNet Technologies Private Limited,"Coimbatore, Bangalore","₹ 2,00,000 - 2,10,000",0 years,none
Business Development Executive,Prama Hikvision India Pvt Ltd,"Bangalore, Hyderabad","₹ 3,00,000 - 5,00,000",1-5 years,https://internshala-uploads.internshala.com/logo%2Fabvj7ch5ba3-51878.png.webp
Corporate Sales Associate,Paisabazaar,Mumbai,"₹ 2,00,000 - 3,00,000",0-3 years,https://internshala-uploads.internshala.com/logo%2F647f5ed5ccf221686068949.png.webp
English Teacher - Work From Home,PlanetSpark,Work from home,"₹ 3,00,000",1-5 years,none
Corporate Sales Executive,Infinity Learn,Noida,"₹ 3,00,000 - 5,00,000",0-3 years,none
Corporate Sales Associate,Paisabazaar,Mumbai,"₹ 2,00,000 - 2,80,000",0-3 years,none
Human Resources (HR) Executive,Netcore Cloud,Thane,"₹ 2,50,000 - 3,00,000",0-1 years,https://internshala-uploads.internshala.com/logo%2F639b1be7c85701671109607.png.webp
Junior Executive Legal,Prama Hikvision India Private Limited,Mumbai,"₹ 2,00,000 - 3,00,000",0-2 years,none
Business Development Associate,Square Yards,Bangalore,"₹ 2,50,000 - 3,00,000",1-2 years,none
Business Development Associate,Urban Company,"Chandigarh, Dehradun, Ludhiana","₹ 2,50,000 - 3,20,000",0-2 years,none
Business Development Executive,Zucol Group Of Companies,Gurgaon,"₹ 2,00,000 - 2,50,000",1 year,https://internshala-uploads.internshala.com/logo%2F649162832f8aa1687249539.png.webp
Corporate Sales Associate,BrightChamps Tech Private Limited,Bangalore,"₹ 3,00,000 - 4,50,000",0-3 years,none
Academic Counsellors,CollegeDekho.com,Gurgaon,"₹ 2,50,000 - 3,00,000",0-1 years,https://internshala-uploads.internshala.com/logo%2Fd8vy3q4rwbq-8232.png.webp
Corporate Sales Specialist,Globe Teleservices Limited,Mumbai,"₹ 2,00,000 - 3,00,000",0-4 years,none
Executive Content Writer,TradeIndia (Infocom Network Private Limited),Delhi,"₹ 3,00,000 - 5,00,000",0-2 years,none
Business Development Associate,Globus,Hyderabad,"₹ 2,40,000 - 4,00,000",0-1 years,https://internshala-uploads.internshala.com/logo%2F5f7b6a885a6d61601923720.jpg.webp
Senior Telecaller,The Smart Trader,Work from home,"₹ 2,00,000",0-1 years,none
Omni Sport Leader (Trekking/Camping),Decathlon Sport India Private Limited,"Pune, Pimpri-Chinchwad","₹ 3,00,000 - 3,50,000",0 years,https://internshala-uploads.internshala.com/logo%2F64356f154537b1681223445.png.webp
Omni Sports Leader - Skating ( Roller Sports),Decathlon Sports India  Private Limited,"Pune, Wakad","₹ 3,00,000 - 3,50,000",0-1 years,none
Senior Telecaller,Matrimony Limited,"Delhi, Noida","₹ 2,00,000 - 2,50,000",0-2 years,none
Event Manager,Meraki,"Ahmedabad, Bhubaneswar, Delhi, Lucknow, Patna, Ranchi, Thane, Mumbai, Raipur, Nagpur","₹ 5,00,000 - 7,50,000",3-5 years,none
Business Development Associate,BYJU'S The Learning App,Work from home,"₹ 2,76,000 - 5,76,000",0-5 years,none
Acquisition Editor,Pocket FM,Work from home,"₹ 5,00,000 - 10,00,000",0-3 years,https://internshala-uploads.internshala.com/logo%2F81gywdie0tj-3170.png.webp
Management Trainee- CRM,Derewala Industries Limited,Jaipur,"₹ 3,36,000 - 3,60,000",0-1 years,none
Business Development Associate,CollegeDekho.com,Gurgaon,"₹ 2,00,000 - 4,00,000",0-3 years,none
Customer Service Executive,Leverage Edu,Noida,"₹ 3,60,000 - 4,20,000",0-1 years,none
Inside Sales Specialist,IndiaMART InterMESH Limited,Noida,"₹ 3,00,000 - 3,60,000",0-3 years,none
Business Development Associate,Urban Company,"Chennai, Bangalore","₹ 3,00,000 - 4,00,000",0-2 years,none
Inside Sales Trainee,TeamLease Services,Bangalore,"₹ 2,00,000",0 years,https://internshala-uploads.internshala.com/logo%2F9xrxpv2yn7y-78566.png.webp
Inside Sales Trainee,Teamlease Services Limited,Bangalore,"₹ 2,00,000",0 years,https://internshala-uploads.internshala.com/logo%2F2n78vg416xk-78566.png.webp
Data Entry Executive,Krishnaprasad Vadlamani,Nelamangala,"₹ 2,00,000 - 3,00,000",1-3 years,https://internshala-uploads.internshala.com/logo%2Fdo74l5486fv-3006.png.webp
Business Development Associate,Urban Company,Vadodara,"₹ 2,40,000 - 3,00,000",0-3 years,none
Loan Field Executive,The Smart Trader,Work from home,"₹ 2,00,000 - 3,00,000",1-2 years,none
Academic Counsellor,Infinity Learn,Noida,"₹ 4,00,000 - 7,00,000",0-2 years,none
ORM Retention Manager,Transsion Holdings,Gurgaon,"₹ 2,40,000",0-1 years,https://internshala-uploads.internshala.com/logo%2F64942245c35a91687429701.jpg.webp
Field Sales Associate,Urban Company,Hyderabad,"₹ 3,50,000 - 4,00,000",0 years,none
Tele Sales Executive,Paisabazaar,"Chennai, Tamil Nadu","₹ 2,00,000 - 3,50,000",0-5 years,https://internshala-uploads.internshala.com/logo%2F3umoyoz71ze-18379.png.webp
Center Manager,Cultfit Healthcare Private Limited,Mumbai,"₹ 2,00,000 - 3,00,000",0-5 years,https://internshala-uploads.internshala.com/logo%2F6373366b0e32e1668494955.jpg.webp
Junior Sales Executive,NoBrokerHood,Bangalore,"₹ 2,56,596 - 4,36,596",0-2 years,none
Academic Mentor,Vedantu,Bangalore,"₹ 3,60,000",1-5 years,none
US Staffing Recruitment,Compunnel Technology Private Limited,"Panjim, Panaji","₹ 2,00,000",0-2 years,none
Field Sales Executive,The Smart Trader,Work from home,"₹ 2,00,000 - 3,00,000",1-2 years,none
Omni Sport Leader,Decathlon Sports India,Mumbai,"₹ 3,24,000",0 years,https://internshala-uploads.internshala.com/logo%2F2474kqol0nj-8076.jpg.webp
Associate - Instructional Designer,Internshala Trainings,Gurgaon,"₹ 4,00,000 - 6,00,000",1-2 years,https://internshala-uploads.internshala.com/logo%2F5e311ed11310d1580277457.jpg.webp
Human Resources (HR) Associate,Godrej Properties Limited,Mumbai,"₹ 3,00,000 - 3,60,000",1-3 years,https://internshala-uploads.internshala.com/logo%2Fea8l4z4lvpd-15415.png.webp
Tele Sales Executive - Malad West (Mumbai),Paisabazaar,"Mumbai, Goregaon Kh","₹ 2,00,000 - 2,50,000",0-5 years,https://internshala-uploads.internshala.com/logo%2F3umoyoz71ze-18379.png.webp
American Express Sales Associate,Paisabazaar,Chennai,"₹ 2,92,000 - 3,52,000",0-4 years,https://internshala-uploads.internshala.com/logo%2F3umoyoz71ze-18379.png.webp
Corporate Sales Executive,Thomas Cook,Meerut,"₹ 3,00,000 - 3,50,000",0-2 years,none
Associate Content Writer,Zucol Group Of Companies,"Indore, Pithampur, Dewas, Mhow","₹ 2,00,000 - 2,40,000",0 years,none
Officer / Senior Executive (Digital Office Vertical),HDFC ERGO General Insurance Company Limited,"Bharatpur, Kashipur, Sitapur, Roorkee, Muzzafarpur","₹ 2,00,000 - 3,50,000",0-5 years,none
Customer Service Associate,Datamatics Business Solutions,Mumbai,"₹ 2,00,000 - 2,05,000",0-1 years,none
Executive Assistant To CEO,Hansa Cequity,Kurla,"₹ 5,00,000 - 6,00,000",2 years,https://internshala-uploads.internshala.com/logo%2F64ae54d574f1c1689146581.jpg.webp
Business Development Associate,BYJU'S The Learning App,Work from home,"₹ 2,70,000 - 5,70,000",0-1 years,https://internshala-uploads.internshala.com/logo%2F647edd03d8a921686035715.png.webp
Junior Social Media Marketing Executive,AskMeOffers,Work from home,"₹ 2,00,000 - 3,00,000",0-5 years,none
Associate Video Editor,AskMeOffers,Work from home,"₹ 2,00,000 - 3,00,000",0-5 years,none
Corporate Sales Manager,BrightChamps Tech Private Limited,"Mysuru, Bangalore","₹ 3,00,000 - 4,00,000",0-2 years,none
Telesales Executive,Cultfit Healthcare Private Limited,Bangalore,"₹ 3,00,000 - 4,00,000",1-2 years,https://internshala-uploads.internshala.com/logo%2F6373366b0e32e1668494955.jpg.webp
Customer Service Executive,Narayana's Learning App,Hyderabad,"₹ 2,00,000 - 3,00,000",0-3 years,none
Business Development Manager,Reliance Nippon Life Insurance,"Bangalore, Mumbai, Salem, Nashik, Kerala, Tamil Nadu","₹ 2,00,000",1-5 years,none
Corporate Sales Executive,No Broker,Bangalore,"₹ 2,00,000 - 2,50,000",0-1 years,none
Business Development Executive (sales),PlanetSpark,Gurgaon,"₹ 6,00,000 - 7,00,000",0-5 years,none
Telesales Associate | Paisabazaar | Outbound Sales - Financial Products | Day Shift,Paisabazaar,Gurgaon,"₹ 2,25,000 - 2,80,000",0-3 years,https://internshala-uploads.internshala.com/logo%2F3umoyoz71ze-18379.png.webp
Sales Associate,PlanetSpark,Gurgaon,"₹ 6,00,000 - 7,00,000",0-4 years,none
Inside Sales Executive,PlanetSpark,Gurgaon,"₹ 6,00,000 - 7,00,000",0-5 years,none
BDE-Business Development Executive,PlanetSpark,Gurgaon,"₹ 6,00,000 - 7,00,000",1-5 years,none
Sales Development Representative,PlanetSpark,Gurgaon,"₹ 6,00,000 - 7,00,000",0-5 years,none
Field Sales Executive,Decathlon Sports India,Mumbai,"₹ 3,30,000 - 4,00,000",0-2 years,https://internshala-uploads.internshala.com/logo%2F63273f2487b871663516452.png.webp
Business Development Associate,Urban Company,Chennai,"₹ 2,40,000 - 3,00,000",0-2 years,https://internshala-uploads.internshala.com/logo%2F626a577d5b5e91651136381.png.webp
Associate Professor,Physics Wallah,"Mysuru, Raichur, Hubli, Haveri, Tumkur, Kalburgi Sub-District","₹ 10,00,000 - 15,00,000",2-5 years,https://internshala-uploads.internshala.com/logo%2F605461b6cc4ea1616142774.png.webp
Telecaller,RK Enterprise,Work from home,"₹ 2,00,000 - 2,25,000",0-2 years,none
Online English Tutor,PlanetSpark,"Jammu, Himachal Pradesh","₹ 3,00,000",1-5 years,none
English Tutor - WFH,PlanetSpark,"Agra, Ghaziabad, Gurgaon, Indore, Lucknow, Bhopal, Kanpur Dehat","₹ 3,00,000",1-5 years,none
Online English Teacher - Work From Home,PlanetSpark,Hyderabad,"₹ 3,00,000",1-5 years,none
Junior Copywriter,Hansa Cequity,"Mumbai, Kurla","₹ 3,00,000 - 6,00,000",0-5 years,https://internshala-uploads.internshala.com/logo%2F64ae54d574f1c1689146581.jpg.webp
Graphic Designer,Hansa Cequity,Kurla,"₹ 3,00,000 - 6,00,000",0-5 years,https://internshala-uploads.internshala.com/logo%2F64ae54d574f1c1689146581.jpg.webp
Human Resources (HR) Executive,Hansa Cequity,Kurla,"₹ 2,00,000 - 4,00,000",1-5 years,https://internshala-uploads.internshala.com/logo%2F64ae54d574f1c1689146581.jpg.webp
Business Development Executive,Tutornet Educations Private Limited,Work from home,"₹ 2,00,000",0-2 years,https://internshala-uploads.internshala.com/logo%2Fcv2d015eyti-4751.jpg.webp
Corporate Sales Executive,"NoBroker Technologies Solutions Private Limited (Bangalore, India)",Dubai (United Arab Emirates),"AED 55,000 - 60,000",0-2 years,none
Business Analyst,Viacom 18 Media Private Limited,Mumbai,"₹ 2,00,000 - 2,50,000",0-2 years,none
Electric Vehicle Service Technician,LabourNet,Bangalore                                            (Hybrid),"₹ 2,00,000",0-2 years,none
Business Development Associate,Urban Company,Delhi,"₹ 3,00,000 - 3,40,000",0-2 years,https://internshala-uploads.internshala.com/logo%2F649be39c2460e1687937948.png.webp
Field Sales Executive,NoBroker,"Pune, Bangalore, Hyderabad","₹ 2,40,000 - 4,20,000",0-2 years,none
Corporate Sales Executive,Gautam Modi Group,Mumbai,"₹ 3,00,000 - 5,00,000",0-5 years,https://internshala-uploads.internshala.com/logo%2F82177iqnfai-2373.png.webp
Sales Manager,Tutornet Educations Private Limited,Work from home,"₹ 4,00,000 - 7,00,000",0-5 years,https://internshala-uploads.internshala.com/logo%2Fbj63zb6wo0r-29202.jpg.webp
Business Development Associate,Yash Devnani,Mumbai,"₹ 3,00,000 - 3,50,000",0-3 years,none
Junior Sales Executive,NoBroker,Bangalore,"₹ 3,00,000 - 3,50,000",0-1 years,none
Business Development Associate,Urban Company,Hyderabad,"₹ 3,20,000 - 3,90,000",0-2 years,https://internshala-uploads.internshala.com/logo%2F26pedezfgdb-28528.png.webp
AMERICAN EXPRESS CREDIT CARDS ASSOCIATE,Paisabazaar,"Navi Mumbai, Mumbai","₹ 3,00,000 - 3,50,000",0-5 years,https://internshala-uploads.internshala.com/logo%2F3umoyoz71ze-18379.png.webp
Omni Sport Leader,Decathlon Sport India Private Limited,Mumbai,"₹ 3,00,000 - 3,50,000",0 years,none
Corporate Sales Executive,NoBroker,Bangalore,"₹ 4,36,596",0-1 years,none
Customer Experience Executive (VKYC),Navi Technologies Private Limited,Bangalore,"₹ 2,60,000",0-2 years,https://internshala-uploads.internshala.com/logo%2Fg53a386l7zp-1539.png.webp
AMEX Credit Card Sales Associate (Voice Process),Paisabazaar,"Mumbai, Chennai","₹ 2,92,000 - 3,52,000",0-2 years,https://internshala-uploads.internshala.com/logo%2F3umoyoz71ze-18379.png.webp
Business Development Associate,PlanetSpark,Gurgaon,"₹ 6,00,000 - 7,00,000",0-1 years,none
Business Development Manager,Rotomaker,Hyderabad,"₹ 2,00,000 - 3,00,000",0-1 years,none
Business Development Associate,Urban Company,"Ahmedabad, Vadodara","₹ 2,40,000 - 3,00,000",0-2 years,none
Digital Marketing,Brainvire Infotech Private Limited,Ahmedabad,"₹ 2,00,000 - 3,00,000",0-1 years,https://internshala-uploads.internshala.com/logo%2F6347f98b7c2401665661323.png.webp
Business Development Manager,PlanetSpark,Gurgaon,"₹ 6,00,000 - 10,00,000",2-5 years,none
Graphic Designer,KnowledgeWorks Global Limited,Mumbai,"₹ 5,00,000 - 5,50,000",2-5 years,https://internshala-uploads.internshala.com/logo%2F3m9gh5v0cbl-19199.jpg.webp
Business Development Associate,Urban Company,Ahmedabad,"₹ 2,60,000 - 3,25,000",0-2 years,none
Relationship Officer -Demat Account Sales,Gulshan Sharma,"Ambala, Jind, Rohtak, Panchkula, Narnaul","₹ 2,00,000 - 2,50,000",0-5 years,none
AMERICAN EXPRESS CREDIT CARDS ASSOCIATE - CHENNAI,Paisabazaar,Chennai,"₹ 3,00,000 - 3,50,000",0-5 years,https://internshala-uploads.internshala.com/logo%2F3umoyoz71ze-18379.png.webp
AMERICAN EXPRESS CREDIT CARDS ASSOCIATE - MUMBAI,Paisabazaar,"Mumbai, Virai","₹ 3,00,000 - 3,50,000",0-5 years,https://internshala-uploads.internshala.com/logo%2F3umoyoz71ze-18379.png.webp
Associate Telecaller,Paisabazaar,Chennai,"₹ 2,25,000 - 3,00,000",0-5 years,https://internshala-uploads.internshala.com/logo%2F3umoyoz71ze-18379.png.webp
Corporate Sales Executive,Thomas Cook,"Kolkata, Bangalore","₹ 2,50,000 - 3,00,000",0-2 years,none
Social Media Executive - Cricket (Hindi),Sportskeeda,Work from home,"₹ 2,00,000 - 3,50,000",0-2 years,https://internshala-uploads.internshala.com/logo%2F5e2fde702a73f1580195440.jpg.webp
Relationship Officer -Demat Account Sales,Gulshan Sharma,"Vadodara, Vadodra","₹ 2,00,000 - 2,50,000",0-5 years,none
Corporate Sales Executive,Delcon Homes Private Limited,Patna,"₹ 2,00,000 - 2,50,000",0-2 years,none
Corporate Sales Executive,ABS Group,Mumbai,"₹ 3,00,000 - 3,60,000",0-2 years,https://internshala-uploads.internshala.com/logo%2F909su7rokqb-15794.jpg.webp
Business Development Associate,Intellipaat Software Solutions,Bangalore,"₹ 7,25,000",0-5 years,none
Business Development Associate,Intellipaat,Bangalore,"₹ 7,25,000",0-5 years,none
Business Development Associate,Corizo Edutech Private Limited,Mumbai                                            (Hybrid),"₹ 3,50,000 - 4,00,000",0-2 years,https://internshala.com/uploads/logo%2F9fufydywpq4-12150.jpeg
Corporate Sales Manager,Tutornet Educations Private Limited,Work from home,"₹ 9,00,000 - 12,00,000",0-5 years,none
Quality Control Executive,Nutraj India,"Ahmedabad, Ghaziabad, Bangalore","₹ 2,00,000 - 4,00,000",0-2 years,none
Business Development Associate,Urban Company,Mumbai,"₹ 2,40,000 - 2,60,000",0-2 years,https://internshala-uploads.internshala.com/logo%2F62ea5a18590901659525656.jpg.webp
Customer Experience Associate,Zomato,Gurgaon,"₹ 2,00,000 - 4,00,000",0-2 years,https://internshala.com/uploads/logo%2F7g5sc48lfri-4227.jpeg
Business Development Associate,Urban Company,Mumbai,"₹ 2,40,000 - 2,90,000",0-2 years,none
Senior Relationship Manager,Leap Finance,Bangalore,"₹ 3,00,000 - 5,00,000",0-5 years,none
Customer Executive (Kannada),ADAMA India Private Limited,Hyderabad,"₹ 2,00,000 - 2,30,000",0-2 years,none
Human Resources (HR) Executive,"RP Sanjiv Goenka Group (Open, HELLO! India, & Fortune India)",Gurgaon,"₹ 2,00,000 - 4,00,000",0-2 years,none
Junior RM Executive,NoBroker Technologies Solution Private Limited,Bangalore,"₹ 3,00,000 - 3,50,000",0-2 years,https://internshala-uploads.internshala.com/logo%2Fjik5oqf232s-4871.png.webp
Operations Associate,Allstate,Bangalore,"₹ 3,00,000 - 4,00,000",0-2 years,none
Junior Associate - MBS Technical Documentation,Mettler Toledo,Mumbai,"₹ 2,00,000 - 3,00,000",0-2 years,none
Executive - Front Office,Prashant Kumar,"Greater Noida, Noida","₹ 2,00,000",0-2 years,none
Associate Falcon,Experis IT,Gurgaon,"₹ 2,00,000 - 3,00,000",0-2 years,none
Human Resources (HR) Executive,Ageas Federal Life Insurance,Mumbai,"₹ 2,00,000 - 3,50,000",0-2 years,https://internshala-uploads.internshala.com/logo%2F9dutp7esqsb-7212.jpg.webp
Business Development Executive,NoBroker Technologies Solutions Private Limited,Bangalore,"₹ 2,00,000 - 3,50,000",0-2 years,https://internshala-uploads.internshala.com/logo%2F15aqf5relr1-4692.png.webp
Pre-sales Executive,Cultfit Healthcare Private Limited,Delhi,"₹ 3,00,000",0-2 years,none
Business Development Associate,Urban Company,Delhi,"₹ 3,00,000 - 4,00,000",0-2 years,none
Human Resources (HR) Executive,Ageas Federal Life Insurance,Mumbai,"₹ 2,00,000 - 2,40,000",0-2 years,none
Desktop Support Engineer,OutworX,Chennai,"₹ 2,00,000",0-2 years,none
Business Analyst,Viacom 18,Mumbai,"₹ 2,00,000 - 2,50,000",0-2 years,none
Corporate Sales Executive,NoBroker Technologies Solution Private Limited,Work from home,"₹ 2,50,000 - 3,00,000",0-2 years,none
Hospital Relationship Manager,RED.HEALTH,"Delhi, Hyderabad","₹ 3,00,000 - 5,00,000",0-5 years,https://internshala-uploads.internshala.com/logo%2F6490559d135e71687180701.png.webp
Business Development Associate,Urban Company,Pune,"₹ 2,50,000 - 3,00,000",0-2 years,none
Business Development Associate,Urban Company,Mumbai,"₹ 3,00,000 - 3,50,000",0-2 years,https://internshala-uploads.internshala.com/logo%2F6065f0a19f75c1617293473.jpg.webp
Business Development Executive,Square Yards,Pune,"₹ 3,00,000 - 5,00,000",1-3 years,none
Interior Designer,Square Yards,Mumbai,"₹ 2,50,000 - 5,00,000",1-3 years,none
Business Development Executive,Yes Boss Technolgy Private Limited,Ahmedabad,"₹ 2,00,000 - 4,00,000",0-5 years,https://internshala-uploads.internshala.com/logo%2Ff4q6ff7xuwt-5224.jpg.webp
Data Entry Executive,Axe Consultancy And Security Services LLC,Dehradun,"₹ 2,00,000 - 2,40,000",0-1 years,none
Digital Marketing Manager,Axe Consultancy And Security Services LLC,"Dehradun, Dehradun Sub-District","₹ 2,40,000 - 3,00,000",1-2 years,none
Graphic Designer,Axe Consultancy And Security Services LLC,Dehradun,"₹ 2,40,000 - 3,00,000",1-2 years,none
Electronics Hardware Engineer,Phicode,Bangalore,"₹ 3,00,000 - 6,50,000",1-5 years,https://internshala-uploads.internshala.com/logo%2F5e2fdf694f7de1580195689.png.webp
Business Development Coordinator,Astrotalk,Work from home,"₹ 2,40,000 - 3,00,000",0-1 years,https://internshala-uploads.internshala.com/logo%2F600ada6a0596d1611324010.png.webp
Junior Search Engine Optimization (SEO) Manager,Axe Consultancy And Security Services LLC,Dehradun,"₹ 3,60,000 - 4,20,000",1-2 years,none
Graphic Designer,The Future University,Chandigarh,"₹ 4,20,000 - 7,20,000",0-3 years,https://internshala-uploads.internshala.com/logo%2F6319bbf32c45c1662630899.png.webp
Customer Success Executive - Tamil,Astrotalk,Work from home,"₹ 2,00,000 - 2,40,000",0-1 years,https://internshala-uploads.internshala.com/logo%2F600ada6a0596d1611324010.png.webp
Customer Service Executive,Magnaterra Realty Private Limited,Mumbai,"₹ 2,40,000 - 3,00,000",0-5 years,https://internshala-uploads.internshala.com/logo%2F5lf86raump3-20118.jpg.webp
Marketing Executive,Codezin Technology Solutions,Kolkata,"₹ 2,00,000 - 2,50,000",1-2 years,https://internshala-uploads.internshala.com/logo%2F5e2fdd73768101580195187.png.webp
Wealth Manager,Bonanza Portfolio Limited,Mumbai,"₹ 3,00,000 - 3,50,000",1-5 years,https://internshala-uploads.internshala.com/logo%2Favczy3vtzhl-10454.png.webp
Digital Marketing Manager,Coding Junior,Ahmedabad,"₹ 3,00,000 - 6,00,000",0-5 years,https://internshala-uploads.internshala.com/logo%2F6102971a851411627559706.png.webp
Associate Lawyer,Mace Corporate Associates,Hyderabad,"₹ 5,40,000 - 7,20,000",2-3 years,none
Corporate Sales Executive,7 Virtual Assistant Services,Chennai,"₹ 2,00,000 - 2,40,000",0-2 years,https://internshala-uploads.internshala.com/logo%2F5e6b2c7d489a11584082045.png.webp
Business Development Executive,7 Virtual Assistant Services,Chennai,"₹ 2,00,000 - 2,40,000",1-3 years,https://internshala-uploads.internshala.com/logo%2F5e6b2c7d489a11584082045.png.webp
Financial Sales Executive,WeMakeScholars,"Kurnool, Patna, Secunderabad, Hyderabad, Kompally, Jalandhar, Begumpet, Telangana, Karnataka, Jharkhand","₹ 3,00,000 - 3,70,000",0-1 years,https://internshala-uploads.internshala.com/logo%2F5e2fdcc7782c41580195015.png.webp
Data Entry Executive,SR FAST CONNECT STAFFING PRIVATE LIMITED,"Chennai, Pune, Visakhapatnam, Mumbai, Vijayawada","₹ 2,50,000 - 3,50,000",0 years,none
Invigilator,SR FAST CONNECT STAFFING PRIVATE LIMITED,Nashik,"₹ 2,50,000 - 3,50,000",0 years,none
Junior Talent Acquisition Associate,Tutort Academy LLP,Bangalore,"₹ 3,00,000 - 4,00,000",1-3 years,none
Digital Marketing Specialist,Mindgroom Services Private Limited,Delhi,"₹ 2,00,000 - 3,00,000",1-2 years,https://internshala-uploads.internshala.com/logo%2F60d5c03ded90c1624621117.png.webp
Team Leader,Bonanza Portfolio Limited,Mumbai,"₹ 4,00,000 - 5,00,000",1-5 years,https://internshala-uploads.internshala.com/logo%2Favczy3vtzhl-10454.png.webp
Team Leader,Bonanza Portfolio Limited,Indore,"₹ 4,00,000 - 5,00,000",1-4 years,https://internshala-uploads.internshala.com/logo%2Favczy3vtzhl-10454.png.webp
Field Sales Executive,Dreams Travel & Tours,Noida,"₹ 2,00,000 - 2,50,000",0-2 years,https://internshala-uploads.internshala.com/logo%2F62eaa2191aa501659544089.jpg.webp
Equity Dealer,Bonanza Portfolio Limited,Chennai,"₹ 3,00,000 - 4,00,000",1-4 years,https://internshala-uploads.internshala.com/logo%2Favczy3vtzhl-10454.png.webp
Equity Dealer,Bonanza Portfolio Limited,Gandhinagar,"₹ 3,00,000 - 4,00,000",1-4 years,https://internshala-uploads.internshala.com/logo%2Favczy3vtzhl-10454.png.webp
Equity Dealer,Bonanza Portfolio Limited,Kolkata,"₹ 2,50,000 - 3,50,000",1-4 years,https://internshala-uploads.internshala.com/logo%2Favczy3vtzhl-10454.png.webp
Technical SEO Executive,Moretasks Business Solution Limited,Gurgaon,"₹ 5,00,000 - 5,10,000",2 years,https://internshala-uploads.internshala.com/logo%2F62dbaee5532cf1658564325.png.webp
Corporate Sales Manager,New Door Reality Private Limited,Lucknow,"₹ 3,00,000 - 4,00,000",1 year,https://internshala-uploads.internshala.com/logo%2F6aa3y5kov5h-17124.jpg.webp
Branch Manager,Bonanza Portfolio Limited,"Chennai, Hyderabad","₹ 3,50,000 - 4,50,000",1-5 years,https://internshala-uploads.internshala.com/logo%2Favczy3vtzhl-10454.png.webp
Executive - RMS,Bonanza Portfolio Limited,Delhi,"₹ 2,00,000 - 2,50,000",0-2 years,https://internshala-uploads.internshala.com/logo%2Favczy3vtzhl-10454.png.webp
Relationship Manager - POSP,Bonanza Portfolio Limited,Delhi,"₹ 2,00,000 - 3,00,000",1-3 years,https://internshala-uploads.internshala.com/logo%2Favczy3vtzhl-10454.png.webp
Operations Executive,Mirats Insights,Mumbai,"₹ 4,00,000 - 7,00,000",1-3 years,https://internshala-uploads.internshala.com/logo%2F648026c465e751686120132.png.webp
Telecaller,Musale Classes,Pune,"₹ 2,00,000 - 2,16,000",1-5 years,https://internshala-uploads.internshala.com/logo%2F603f1d4994e6d1614749001.png.webp
Associate Accountant,Skillinabox Learning Solutions Private Limited,Noida,"₹ 3,00,000 - 4,00,000",1-3 years,https://internshala-uploads.internshala.com/logo%2Fghe4t2z355g-11546.jpg.webp
Customer Service Associate,Moretasks Business Solution Limited,Gurgaon,"₹ 2,50,000 - 3,00,000",1 year,https://internshala-uploads.internshala.com/logo%2F62dbaee5532cf1658564325.png.webp
Subject Matter Expert - Chemistry,Careers360,Gurgaon,"₹ 3,00,000 - 4,00,000",1-2 years,https://internshala-uploads.internshala.com/logo%2F63a99653d08fd1672058451.jpg.webp
Account Executive,Saroj Education Group,"Delhi, Lucknow","₹ 2,00,000 - 4,00,000",0-2 years,https://internshala-uploads.internshala.com/logo%2F5e2fdd53327ea1580195155.png.webp
GenAI Specialist (Chatbot),HaZZten,Work from home,"₹ 6,00,000 - 12,00,000",4-5 years,none
Lead Full Stack Developer,Localitaz Geofencing Innovations Private Limited,Delhi,"₹ 3,00,000",1 year,https://internshala-uploads.internshala.com/logo%2F81i31vl1q2n-19821.png.webp
Sales Associate,Yocket,Mumbai,"₹ 3,00,000 - 6,00,000",0-2 years,https://internshala-uploads.internshala.com/logo%2F5dfb3455272651576744021.png.webp
Business Development Associate,Yocket,Mumbai,"₹ 4,00,000 - 6,00,000",1-2 years,https://internshala-uploads.internshala.com/logo%2F5dfb3455272651576744021.png.webp
Business Development Associate,Astrotalk,Work from home,"₹ 2,40,000 - 3,00,000",0-1 years,https://internshala-uploads.internshala.com/logo%2F600ada6a0596d1611324010.png.webp
Junior Accountant,Guruji Astro,Jaipur,"₹ 2,00,000 - 3,00,000",0-1 years,https://internshala-uploads.internshala.com/logo%2F5e5d19dc5287e1583159772.png.webp
Human Resources (HR) Executive,Gigde Global Solutions Private Limited,"Ghaziabad, Noida","₹ 2,00,000 - 3,50,000",1-2 years,https://internshala-uploads.internshala.com/logo%2F6058418548e791616396677.png.webp
Software Customer Support,TrakAff,Delhi,"₹ 3,04,000",1-4 years,https://internshala-uploads.internshala.com/logo%2F63e732e277d671676096226.jpg.webp
Sales Executive,Astrotalk,Work from home,"₹ 2,40,000 - 3,00,000",0-1 years,https://internshala-uploads.internshala.com/logo%2F600ada6a0596d1611324010.png.webp
Finance Associate,Tax-O-Smart LLP,Chennai,"₹ 2,00,000 - 3,00,000",0 years,https://internshala-uploads.internshala.com/logo%2F5e2fdf2fd045e1580195631.jpg.webp
Financial Operations Trainee,WeMakeScholars,"Bhubaneswar, Jamshedpur, Pune, Tirupati, Bidar, Hyderabad, Bhopal, Varanasi, Raipur, Nagpur, Gulbarga","₹ 3,00,000 - 3,70,000",0-1 years,https://internshala-uploads.internshala.com/logo%2F5e2fdcc7782c41580195015.png.webp
Chemistry Research Associate,Primary Healthtech,Guwahati,"₹ 2,00,000 - 4,00,000",1-2 years,https://internshala-uploads.internshala.com/logo%2F5fdb291b76a721608198427.jpg.webp
Chemical Engineer,Primary Healthtech,Guwahati,"₹ 2,00,000 - 3,00,000",0-1 years,https://internshala-uploads.internshala.com/logo%2F5fdb291b76a721608198427.jpg.webp
Field Sales Executive,INDUSKART ENGITECH LLP,Vadodara,"₹ 2,00,000 - 2,50,000",0-1 years,https://internshala-uploads.internshala.com/logo%2Fadvfda7d7iz-4031.png.webp
BDE- Brand Development Executive,Blessed Skincare Pvt. Ltd.,Chandigarh,"₹ 2,50,000 - 3,50,000",0-2 years,none
Music Producer,Vave Entertainment (LoudSound Studios LLP),Mumbai,"₹ 2,00,000 - 2,00,001",0-2 years,none
Academic Counselor,"CloudBird Digital Private Limited (Noida, India)","Riyadh (Saudi Arabia), Al Jubail (Saudi Arabia), Dammam (Saudi Arabia)","₹ 5,00,000 - 6,00,000",1-3 years,https://internshala-uploads.internshala.com/logo%2F6267cec193e551650970305.jpg.webp
Field Sales Manager,Dyulabs Private Limited,"Godhra, Vadodara, Karjan                                            (Hybrid)","₹ 2,00,000 - 2,30,000",0 years,https://internshala-uploads.internshala.com/logo%2Fhmzhyhs91zn-16582.jpg.webp
Backend Developer - Entry Level,Pinnacle Software And Services Private Limited,Thiruvananthapuram,"₹ 3,25,000 - 4,50,000",1-3 years,none
Operations Executive,Innofitt Systems Private Limited,Pune,"₹ 2,04,000 - 2,40,000",0-1 years,https://internshala-uploads.internshala.com/logo%2F63d8a56cf178d1675142508.jpg.webp
STEM Trainer,STEMplify,"Kashipur, Ramnagar, Ranikhet, Rudrapur, Kotdwara, Udham Singh Nagar, Haldwani, Tanakpur, Nainital, Bilaspur, Khatima","₹ 2,50,000 - 3,60,000",0-1 years,https://internshala-uploads.internshala.com/logo%2F647f1ced687a71686052077.png.webp
Personal Assistant,WhizJuniors,Mumbai,"₹ 2,00,000 - 2,40,000",1 year,https://internshala-uploads.internshala.com/logo%2F634e9b5b2fabf1666095963.png.webp
In-Side Sales (Industrial Automation),Challaturu Engineering Services (CES),Chennai,"₹ 2,00,000 - 2,40,000",0-5 years,none
Associate Animator,Techdome Solutions Private Limited,Indore,"₹ 2,00,000 - 2,50,000",0-1 years,https://internshala-uploads.internshala.com/logo%2F605f4c22121361616858146.png.webp
ROS Software Developer (C++),Phicode,Bangalore,"₹ 3,50,000 - 7,00,000",1-4 years,https://internshala-uploads.internshala.com/logo%2F5e2fdf694f7de1580195689.png.webp
Video Editor,CollegeTips Ed Tech Media Private Limited,Bhopal,"₹ 2,00,000 - 5,00,000",0-2 years,https://internshala-uploads.internshala.com/logo%2F62712dadecd481651584429.jpg.webp
Legal Assistant Front Office,P Vishnuvardhana Reddy,Hyderabad,"₹ 3,00,000",1-5 years,none
Creative Designer,Rudralife,Mumbai,"₹ 3,00,000",1-2 years,https://internshala-uploads.internshala.com/logo%2F647d813a412271685946682.png.webp
Branch In-charge,BDNT Labs Private Limited,Gujarat,"₹ 6,00,000 - 7,00,000",3-4 years,https://internshala-uploads.internshala.com/logo%2F1b2urk67ph4-11136.png.webp
Corporate Sales Executive,BDNT Labs Private Limited,Ahmedabad,"₹ 6,00,000 - 7,00,000",4-5 years,https://internshala-uploads.internshala.com/logo%2F1b2urk67ph4-11136.png.webp
Customer Relations Specialist,Rudralife,Mumbai,"₹ 3,00,000",1-4 years,https://internshala-uploads.internshala.com/logo%2F647d813a412271685946682.png.webp
Data Entry Associate,Rainbow Enterprises,Jaipur,"₹ 2,00,000 - 2,10,000",0-2 years,https://internshala-uploads.internshala.com/logo%2Fczr4a1txcdp-23377.jpg.webp
Digital Marketing Executive,Sharedpro,Vadodara,"₹ 2,40,000 - 3,60,000",0-2 years,https://internshala-uploads.internshala.com/logo%2F5e2fdd70ed2881580195184.png.webp
Alliance Executive,Sharedpro,Vadodara,"₹ 2,40,000 - 3,00,000",0-1 years,https://internshala-uploads.internshala.com/logo%2F5e2fdd70ed2881580195184.png.webp
Junior Motion Graphics Specialist,Localitaz Geofencing Innovations Private Limited,Delhi,"₹ 2,00,000",1 year,https://internshala-uploads.internshala.com/logo%2F81i31vl1q2n-19821.png.webp
Graphic Designer,CollegeTips Ed Tech Media Private Limited,Bhopal,"₹ 3,00,000 - 5,00,000",0-2 years,https://internshala-uploads.internshala.com/logo%2F62712dadecd481651584429.jpg.webp
Telecaller,IG Drones,Ahmedabad,"₹ 2,00,000",0-1 years,https://internshala-uploads.internshala.com/logo%2F5fa11cd15ea1d1604394193.png.webp
Relationship Manager,Bonanza Portfolio Limited,"Mumbai, Nashik","₹ 2,00,000 - 3,00,000",1-5 years,https://internshala-uploads.internshala.com/logo%2Favczy3vtzhl-10454.png.webp
Lead Content Writer,Localitaz Geofencing Innovations Private Limited,Delhi,"₹ 2,00,000",1 year,https://internshala-uploads.internshala.com/logo%2F81i31vl1q2n-19821.png.webp
Junior Social Media Marketing Associate,Stax Media,Delhi                                            (Hybrid),"₹ 2,00,000 - 2,00,001",1-2 years,https://internshala-uploads.internshala.com/logo%2F7gbir67ombl-53579.jpg.webp
Business Development Associate,AnsrOne,"Delhi, Gurgaon, Noida                                            (Hybrid)","₹ 5,00,000 - 7,00,000",0-1 years,https://internshala-uploads.internshala.com/logo%2F5fc1019915b221606484377.png.webp
Customer Support Associate,BlobCity,Mumbai,"₹ 2,16,000",0-2 years,https://internshala-uploads.internshala.com/logo%2F5e2fdbe09fb381580194784.png.webp
Junior Loan Officer,"WeMakeScholars (Hyderabad, India)","Ahmedabad, Chennai, Coimbatore, Delhi, Pune, Surat, Secunderabad, Hyderabad, Mumbai, Kanpur Dehat, Gujrat (Pakistan), Tamil Nadu, Tirupati, Madurai","₹ 3,50,000 - 3,90,000",0-1 years,https://internshala-uploads.internshala.com/logo%2F5e2fdcc7782c41580195015.png.webp
Sales Officer,WeMakeScholars,"Asansol, Delhi, Siliguri, Secunderabad, Bidar, Hubli, Bangalore, Hyderabad, Bhopal, Mumbai, Nagpur, Kanpur Dehat, Ameerpet, Belgaum, Begumpet","₹ 3,50,000 - 3,90,000",0-1 years,https://internshala-uploads.internshala.com/logo%2F5e2fdcc7782c41580195015.png.webp
Financial Associate,WeMakeScholars,"Ahmedabad, Amritsar, Madurai, Tirupati, Secunderabad, Bidar, Bangalore, Hyderabad, Vadodara, Tiruvallur, Chandigarh, Kompally, Ameerpet, Begumpet, Tamil Nadu","₹ 3,00,000 - 3,70,000",0-1 years,https://internshala-uploads.internshala.com/logo%2F5e2fdcc7782c41580195015.png.webp
Back Office Executive,SR FAST CONNECT STAFFING PRIVATE LIMITED,Pune,"₹ 2,50,000 - 3,50,000",0 years,none
Flutter Developer,Fabulous Media Private Limited,Gurgaon,"₹ 2,00,000 - 3,00,000",1-2 years,https://internshala-uploads.internshala.com/logo%2F5e2fdcdca69771580195036.png.webp
Back Office Executive,SR FAST CONNECT STAFFING PRIVATE LIMITED,Anantpur,"₹ 2,50,000 - 3,50,000",0 years,none
Data Entry Executive,SR FAST CONNECT STAFFING PRIVATE LIMITED,Kurnool,"₹ 2,50,000 - 3,50,000",0 years,none
Invigilator,SR FAST CONNECT STAFFING PRIVATE LIMITED,Solapur,"₹ 2,50,000 - 3,50,000",0 years,none
Junior Social Media Marketing Associate,Axe Consultancy And Security Services LLC,Dehradun,"₹ 2,00,000 - 3,00,000",1-2 years,none
Business Development Executive,Primary Healthtech,Guwahati,"₹ 5,00,000 - 5,00,001",2-4 years,https://internshala-uploads.internshala.com/logo%2F5fdb291b76a721608198427.jpg.webp
Junior Field Sales Manager,Mayur Bricks,"Kolkata, Howrah, Bagnan, Dankuni, Amta, Panchla, Sankrail, Dhulagari                                            (Hybrid)","₹ 2,00,000 - 3,00,000",0 years,https://internshala.com/uploads/logo%2F61cca0a37953b1640800419.jpeg
Corporate Sales Manager,BDNT Labs Private Limited,Nagpur,"₹ 3,00,000 - 5,00,000",1-2 years,https://internshala-uploads.internshala.com/logo%2F1b2urk67ph4-11136.png.webp
Junior Social Media Marketing Manager,Krishna Enterprises,Jaipur,"₹ 2,00,000",1-3 years,https://internshala.com/uploads/logo%2F3j44othn90r-29796.jpeg
Associate Project Manager,Techdome Solutions Private Limited,Indore,"₹ 2,00,000 - 4,00,000",1-3 years,https://internshala-uploads.internshala.com/logo%2F605f4c22121361616858146.png.webp
Photographer & Visual Storyteller,Framed,Kolkata,"₹ 3,60,000 - 6,00,000",1-3 years,https://internshala-uploads.internshala.com/logo%2Ff2wx8lge1pi-32909.jpg.webp
Junior Video Editor,Qyuki Digital Media Private Limited,Mumbai,"₹ 2,00,000 - 3,00,000",0-2 years,https://internshala-uploads.internshala.com/logo%2F5e2fde88227081580195464.png.webp
Foundation Faculty K-10 - Science (IIT/JEE/NEET),"CloudBird Digital Private Limited (Noida, India)","Riyadh (Saudi Arabia), Dammam (Saudi Arabia), Al Jubail (Saudi Arabia)","₹ 11,00,000 - 12,00,000",3-4 years,https://internshala-uploads.internshala.com/logo%2F6267cec193e551650970305.jpg.webp
Content Writer,PassionMojo Private Limited,Mumbai,"₹ 3,00,000 - 3,60,000",1-3 years,https://internshala-uploads.internshala.com/logo%2F619cae0ce93951637658124.png.webp
Client Relationship Manager,Codezin Technology Solutions,Kolkata,"₹ 2,70,000 - 3,50,000",1-3 years,https://internshala-uploads.internshala.com/logo%2F5e2fdd73768101580195187.png.webp
Inside Sales Executive,Prepca Eduserv Private Limited,Pune,"₹ 5,30,000 - 6,80,000",1-2 years,https://internshala-uploads.internshala.com/logo%2F622b3a86b22fb1647000198.png.webp
UI/UX Designer,QuadB Tech,Ludhiana,"₹ 2,00,000 - 3,00,000",0-1 years,https://internshala-uploads.internshala.com/logo%2F61e53da647aee1642413478.png.webp
Student Counselor,Prepca Eduserv Private Limited,Pune,"₹ 5,00,000 - 6,80,000",2-5 years,https://internshala-uploads.internshala.com/logo%2F622b3a86b22fb1647000198.png.webp
Graphic Designer,Break The Code,Mumbai,"₹ 2,00,000 - 4,00,000",0-2 years,none
Junior Motion Graphics Associate,Break The Code,Mumbai,"₹ 2,00,000 - 4,00,000",0-2 years,none
Academic Content Writer,Requin Solutions Private Limited,Jaipur,"₹ 2,00,000 - 2,10,000",0-1 years,https://internshala-uploads.internshala.com/logo%2F63abd79ca437f1672206236.png.webp
Administration Executive,Saroj Education Group,Mumbai,"₹ 2,00,000 - 4,00,000",0-2 years,https://internshala-uploads.internshala.com/logo%2F5e2fdd53327ea1580195155.png.webp
Business Development Executive,Central Convoy,Rohtak,"₹ 2,00,000",0-5 years,none
Customer Care & Social Media Support,Soulflower,Mumbai,"₹ 3,00,000 - 4,20,000",1-2 years,https://internshala-uploads.internshala.com/logo%2F5e2fdbeb83b871580194795.jpg.webp
Junior Operations Manager,Picostone,Mumbai,"₹ 3,00,000",0-2 years,none
Digital Marketing Manager,JVJ DREAM DEVELOPERS,Jaipur,"₹ 2,00,000 - 4,00,000",0-5 years,https://internshala-uploads.internshala.com/logo%2F64253ba4cc6ba1680161700.png.webp
Retail Store Manager & Sales,Goyam Organic Private Limited,Mumbai,"₹ 2,40,000 - 5,00,000",0-2 years,https://internshala-uploads.internshala.com/logo%2F5ee9f78abb1fc1592391562.jpg.webp
Business Development Associate,Break The Code,Mumbai,"₹ 2,00,000 - 3,00,000",0-1 years,none
Business Development Executive,AMB Logistic,Mumbai,"₹ 2,00,000 - 2,50,000",0-1 years,none
Content/Social Media Manager,Rudralife,Mumbai,"₹ 3,00,000",1-3 years,https://internshala-uploads.internshala.com/logo%2F647d813a412271685946682.png.webp
Graphic Designer,Rudralife,Mumbai,"₹ 2,50,000",1-2 years,https://internshala-uploads.internshala.com/logo%2F647d813a412271685946682.png.webp
Accountant,RAJENDRA SHAH,"Mumbai, Bandra","₹ 2,00,000 - 3,00,000",1-5 years,none
Video Editor,Expertrons,Mumbai                                            (Hybrid),"₹ 3,50,000 - 4,10,000",0-1 years,https://internshala.com/uploads/logo%2F635fded8b34091667227352.jpeg
Chartered Accountant (CA),Hari Agarwal And Associates,Hyderabad,"₹ 3,60,000 - 6,00,000",0-3 years,https://internshala-uploads.internshala.com/logo%2Fatt1ypwj6r5-19685.jpg.webp
Accounts Executive,Hari Agarwal And Associates,Hyderabad,"₹ 2,00,000 - 2,01,000",0-2 years,https://internshala-uploads.internshala.com/logo%2Fatt1ypwj6r5-19685.jpg.webp
Personal Assistant To CA,Hari Agarwal And Associates,Hyderabad,"₹ 2,00,000 - 2,10,000",0-2 years,https://internshala-uploads.internshala.com/logo%2Fatt1ypwj6r5-19685.jpg.webp
Accountant,APLAN And Associates,Pune,"₹ 5,00,000 - 5,00,001",2 years,none
Graphic Designer,Localitaz Geofencing Innovations Private Limited,Delhi,"₹ 2,00,000",1 year,https://internshala-uploads.internshala.com/logo%2F81i31vl1q2n-19821.png.webp
Educator,SSB Edutech,Meerut,"₹ 2,20,000 - 2,50,000",0-1 years,https://internshala.com/uploads/logo%2F7jbkyh7cbd_-11985.jpeg
Junior Travel & Tourism Specialist,Renowned Buildtech Private Limited,Noida,"₹ 3,00,000 - 6,00,000",1-2 years,https://internshala-uploads.internshala.com/logo%2F4bn7n82o3vg-45130.jpg.webp
Fashion Designer,Bluntly Streaming,"Delhi, Gurgaon, Noida","₹ 2,00,000",1 year,none
Client Acquisition Associate,Fabulous Media Private Limited,Gurgaon,"₹ 2,00,000 - 3,00,000",0-2 years,https://internshala-uploads.internshala.com/logo%2F5e2fdcdca69771580195036.png.webp
Admission Counsellor,Future Skills,Hyderabad,"₹ 2,00,000 - 2,40,000",0 years,https://internshala-uploads.internshala.com/logo%2F639aca62f1bfa1671088738.jpg.webp
Store Management,Localitaz Geofencing Innovations Private Limited,Delhi,"₹ 3,00,000",1 year,https://internshala-uploads.internshala.com/logo%2F81i31vl1q2n-19821.png.webp
Field Sales Executive,Gainers Realtors LLP,Gurgaon                                            (Hybrid),"₹ 2,50,000 - 4,20,000",0-2 years,none
Program & Project Coordinator,"SINE, IIT Bombay",Mumbai,"₹ 5,00,000 - 6,00,000",2 years,none
Sales Executive,Yoskies Aviation Center,Pune,"₹ 2,00,000",0-5 years,none
Customer Success Executive,Xobin Technologies Private Limited,Mumbai                                            (Hybrid),"₹ 3,00,000 - 5,00,000",0-2 years,https://internshala-uploads.internshala.com/logo%2F630c5191110f91661751697.png.webp
Business Development Executive,Blue Rose Publishers,Noida,"₹ 2,50,000 - 3,00,000",1-2 years,https://internshala-uploads.internshala.com/logo%2F5e2fdd4b9c3851580195147.jpg.webp
Assistant Manager,Blue Rose Publishers,Noida,"₹ 2,64,000",1-2 years,https://internshala-uploads.internshala.com/logo%2F5e2fdd4b9c3851580195147.jpg.webp
Dietitian,Cafe Nutrition,Mumbai,"₹ 2,16,000 - 2,76,000",0-1 years,https://internshala-uploads.internshala.com/logo%2F5e2fde7d8a55c1580195453.png.webp
Business Development Executive,Prepca Eduserv Private Limited,Pune,"₹ 5,50,000 - 7,00,000",0-4 years,https://internshala-uploads.internshala.com/logo%2F622b3a86b22fb1647000198.png.webp
Junior Graphic Designer,MoLog Media & Advertising,Gurgaon,"₹ 3,00,000 - 7,00,000",1-4 years,https://internshala-uploads.internshala.com/logo%2F63b98936201111673103670.png.webp
Telesales Specialist,Prepca Eduserv Private Limited,Pune,"₹ 5,00,000 - 7,00,000",0-3 years,https://internshala-uploads.internshala.com/logo%2F622b3a86b22fb1647000198.png.webp
Fulfillment Center Manager,BlobCity,Mumbai,"₹ 4,20,000",1-4 years,https://internshala-uploads.internshala.com/logo%2F5e2fdbe09fb381580194784.png.webp
Telecaller,No Worry No Tension Healthcare Private Limited,Delhi,"₹ 2,40,000 - 3,00,000",1-3 years,https://internshala-uploads.internshala.com/logo%2F61b84c0d885b21639468045.png.webp
Human Resources (HR) Executive,MyMedicineBox - 3S Healthcare Private Limited,Mumbai,"₹ 2,00,000 - 2,40,000",1-3 years,https://internshala-uploads.internshala.com/logo%2F61ef2696d035d1643062934.png.webp
Telecaller,MyMedicineBox - 3S Healthcare Private Limited,Mumbai,"₹ 2,00,000",1-3 years,https://internshala-uploads.internshala.com/logo%2F61ef2696d035d1643062934.png.webp
Executive Assistant (EA),Fabulous Media Private Limited,Gurgaon,"₹ 2,00,000 - 3,00,000",1-2 years,https://internshala-uploads.internshala.com/logo%2F5e2fdcdca69771580195036.png.webp
Fashion Consultant,Growify Digital,Delhi,"₹ 2,00,000 - 4,50,000",1-3 years,https://internshala-uploads.internshala.com/logo%2F62456d8f36c1d1648717199.png.webp
Junior Graphic Designer,Growify Digital,Delhi,"₹ 5,00,000 - 60,00,000",2-4 years,https://internshala-uploads.internshala.com/logo%2F62456d8f36c1d1648717199.png.webp
Digital Marketing - Performance Marketing,Growify Digital,Delhi,"₹ 2,00,000 - 2,50,000",1-3 years,https://internshala-uploads.internshala.com/logo%2F62456d8f36c1d1648717199.png.webp
Career Counsellor,MentorKart (DGguru Learning Solutions Private Limited),Noida,"₹ 2,58,000 - 3,00,000",1-3 years,https://internshala-uploads.internshala.com/logo%2Fysb5afq6mb_-11107.png.webp
Relationship Manager,Fusion Beauty,Delhi,"₹ 2,00,000 - 3,00,000",0-5 years,none
Customer Service Manager,Crossing Hurdles,Gurgaon,"₹ 3,00,000 - 5,00,000",1-4 years,https://internshala-uploads.internshala.com/logo%2F1a6dwxymgkz-65221.png.webp
Junior Operations Executive,MSAG Skill India LLP,Delhi,"₹ 2,00,000 - 2,30,000",1-4 years,https://internshala-uploads.internshala.com/logo%2F5e2fde731c9171580195443.png.webp
Content Creator (E - Commerce),Astro Arun Pandit,Noida,"₹ 2,40,000 - 3,50,000",1-3 years,none
Stenographer,P Vishnuvardhana Reddy,Hyderabad,"₹ 2,50,000",0-1 years,none
Telecaller,Fusion Beauty,Delhi,"₹ 2,00,000 - 4,00,000",0-5 years,none
Behavioural Skills Trainer,Kapable.club,Delhi,"₹ 5,00,000 - 9,00,000",1-5 years,https://internshala-uploads.internshala.com/logo%2F61df00683b6be1642004584.png.webp
Associate Java Developer,Sharedpro,Vadodara,"₹ 3,00,000 - 4,80,000",1-3 years,https://internshala-uploads.internshala.com/logo%2F5e2fdd70ed2881580195184.png.webp
Video Editor,ATZA Digital,Delhi,"₹ 3,00,000 - 4,44,000",1-3 years,https://internshala-uploads.internshala.com/logo%2Ffo08rjazxci-26378.jpg.webp
Scriptwriter,Bluntly Streaming,"Delhi, Gurgaon, Noida","₹ 2,00,000",1-2 years,none
Administration Executive,Hari Agarwal And Associates,Hyderabad,"₹ 2,00,000 - 2,02,000",0-1 years,https://internshala-uploads.internshala.com/logo%2Fatt1ypwj6r5-19685.jpg.webp
Technical Manager,Localitaz Geofencing Innovations Private Limited,Delhi,"₹ 2,00,000",1 year,https://internshala-uploads.internshala.com/logo%2F81i31vl1q2n-19821.png.webp
Junior Motion Graphics Manager,Localitaz Geofencing Innovations Private Limited,Delhi,"₹ 2,00,000",1-3 years,https://internshala-uploads.internshala.com/logo%2F81i31vl1q2n-19821.png.webp
Associate Graphic Designer,Localitaz Geofencing Innovations Private Limited,Delhi,"₹ 2,00,000",1 year,https://internshala-uploads.internshala.com/logo%2F81i31vl1q2n-19821.png.webp
Business Development Executive,Gainers Realtors LLP,Gurgaon,"₹ 2,40,000 - 4,60,000",0-2 years,none
Senior PHP Developer,Brandzzy SoftTech Private Limited,Bhubaneswar,"₹ 5,00,000",3-5 years,none
Community Manager,ASOWin,"Delhi, Greater Noida, Noida","₹ 2,00,000 - 3,00,000",0-1 years,https://internshala-uploads.internshala.com/logo%2F6483149a9d1e51686312090.png.webp
Video Editor,Bluntly Streaming,"Delhi, Gurgaon, Noida","₹ 2,00,000 - 3,50,000",0 years,none
Associate Content Writer,Slaughter & Fox,Kolkata,"₹ 7,00,000 - 10,00,000",2-5 years,https://internshala-uploads.internshala.com/logo%2F5e2fdd965c0371580195222.png.webp
Video Editor,Fusion Beauty,Delhi,"₹ 2,00,000 - 3,00,000",0-5 years,none
Telecaller,Fabulous Media Private Limited,Gurgaon,"₹ 2,00,000 - 3,00,000",0-2 years,https://internshala-uploads.internshala.com/logo%2F5e2fdcdca69771580195036.png.webp
Accounts,Localitaz Geofencing Innovations Private Limited,Delhi,"₹ 2,00,000",1 year,https://internshala-uploads.internshala.com/logo%2F81i31vl1q2n-19821.png.webp
Academic Counsellor,J. P. CLASSES,Mumbai,"₹ 2,04,000 - 3,60,000",0-5 years,https://internshala-uploads.internshala.com/logo%2F8f291wo7lag-19304.jpg.webp
Psychologist,No Worry No Tension Healthcare Private Limited,Delhi,"₹ 3,00,000 - 4,00,000",1-4 years,https://internshala-uploads.internshala.com/logo%2F61b84c0d885b21639468045.png.webp
Accountant,R J Gala & Associates,Mumbai,"₹ 2,00,000 - 2,40,000",1-2 years,none
Content & E-commerce Management Associate,Cloth Trails India,Chennai,"₹ 2,00,000 - 3,00,000",0-2 years,https://internshala-uploads.internshala.com/logo%2F64086a08558321678273032.png.webp
Customer Service Manager,Dolphin Ad World Private Limited,Mumbai,"₹ 2,00,000",0-1 years,https://internshala-uploads.internshala.com/logo%2F5e2fdeed5b7401580195565.png.webp
Associate Telecaller,Prepca Eduserv Private Limited,Pune,"₹ 5,30,000 - 6,80,000",0-3 years,https://internshala-uploads.internshala.com/logo%2F622b3a86b22fb1647000198.png.webp
Google / Meta Ads Specialist,Mark Web Solutions,Mumbai,"₹ 5,00,000 - 5,25,000",2-3 years,https://internshala-uploads.internshala.com/logo%2F5e2fdc64467b41580194916.png.webp
Senior Business Development Executive,Prepca Eduserv Private Limited,Pune,"₹ 5,30,000 - 6,80,000",0-5 years,https://internshala-uploads.internshala.com/logo%2F622b3a86b22fb1647000198.png.webp
Telecaller,Darkpacific Socialmedia Private Limited,Gurgaon,"₹ 2,00,000 - 2,40,000",1-3 years,https://internshala-uploads.internshala.com/logo%2Fdlwn59mqd1w-52113.png.webp
Corporate Sales Specialist,SaleAssist.ai,Noida,"₹ 2,50,000 - 5,00,000",1-5 years,https://internshala-uploads.internshala.com/logo%2Fjed6w1bf4qp-48757.png.webp
Graphic Designer,Airblack,Gurgaon,"₹ 4,00,000 - 6,00,000",1-3 years,https://internshala-uploads.internshala.com/logo%2F647ef44332e571686041667.jpg.webp
Social Media Marketing Manager,CollegeTips Ed Tech Media Private Limited,Bhopal,"₹ 3,00,000 - 6,00,000",0-2 years,https://internshala-uploads.internshala.com/logo%2F62712dadecd481651584429.jpg.webp
Business Development Executive,Mindgroom Services Private Limited,Delhi,"₹ 2,00,000 - 3,00,000",0-1 years,https://internshala-uploads.internshala.com/logo%2F60d5c03ded90c1624621117.png.webp
Corporate Sales Associate,Anime Devta Brands Private Limited,Greater Noida,"₹ 2,00,000 - 4,00,000",1 year,https://internshala-uploads.internshala.com/logo%2F6436d0f421d961681314036.png.webp
Inside Sales Executive,Expertrons,Mumbai,"₹ 3,60,000 - 7,00,000",0-4 years,https://internshala.com/uploads/logo%2F635fded8b34091667227352.jpeg
Associate Telecaller,IIDE Education Private Limited,Mumbai,"₹ 2,73,000 - 3,00,000",0-1 years,none
Corporate Sales Executive,PGN Travel Shop (Lagya Visa),Delhi,"₹ 2,00,000 - 3,00,000",0 years,none
Digital Marketing Manager,Dhwani Astro,Delhi,"₹ 5,00,000 - 6,00,000",4-5 years,https://internshala-uploads.internshala.com/logo%2Fimwj43vz6hh-30654.jpg.webp
Sales Executive - Real Estate,Reflex Realty LLP,Mumbai,"₹ 2,00,000 - 2,50,000",0-3 years,https://internshala-uploads.internshala.com/logo%2F62b57b451a6671656060741.jpg.webp
Accounts Payable Executive,Arcatron Mobility Private Limited,Pune,"₹ 2,50,000 - 2,75,000",1-2 years,none
Digital Marketing Executive,MyMedicineBox - 3S Healthcare Private Limited,Mumbai,"₹ 2,00,000 - 2,40,000",1-3 years,https://internshala-uploads.internshala.com/logo%2F61ef2696d035d1643062934.png.webp
Content Writer - Junior,Growify Digital,Delhi,"₹ 2,00,000 - 2,50,000",1-2 years,https://internshala-uploads.internshala.com/logo%2F62456d8f36c1d1648717199.png.webp
German Translator,Sentriscope Data Intelligence Private Limited,Noida,"₹ 2,00,000 - 3,50,000",0-3 years,https://internshala-uploads.internshala.com/logo%2Fdxoy8pv77yk-12922.jpg.webp
Corporate Sales Associate,Break The Code,Mumbai,"₹ 2,00,000 - 3,00,000",0-2 years,none
Digital Marketing Associate,Break The Code,Mumbai,"₹ 2,00,000 - 4,00,000",0-2 years,none
Junior Social Media Marketing Associate,Break The Code,Mumbai,"₹ 2,00,000 - 3,00,000",0-2 years,none
Facebook Marketing Specialist,Break The Code,Mumbai,"₹ 2,00,000 - 3,00,000",0-2 years,none
Human Resources (HR) Associate,Break The Code,Mumbai,"₹ 2,00,000 - 3,00,000",0-1 years,none
Digital Marketing Executive,Amber LifeSciences Private Limited,"Navi Mumbai, Mumbai","₹ 2,00,000 - 2,20,000",0-1 years,https://internshala-uploads.internshala.com/logo%2Fc7x3416jlen-10249.png.webp
Google Tag Manager (GTM) And Google Analytics (GA)4 Expert,Warewe Consultancy Private Limited,Gurgaon,"₹ 3,00,000 - 5,00,000",1-5 years,none
Shopify Operations Executive,Growify Digital,Delhi,"₹ 2,00,000 - 4,00,000",1-3 years,https://internshala-uploads.internshala.com/logo%2F62456d8f36c1d1648717199.png.webp
Video Editor,Growify Digital,Delhi,"₹ 2,00,000 - 6,00,000",1-4 years,https://internshala-uploads.internshala.com/logo%2F62456d8f36c1d1648717199.png.webp
Online Reputation Executive,InstaAstro,Noida,"₹ 2,00,000 - 3,00,000",0-1 years,https://internshala.com/uploads/logo%2F647d92e483e131685951204.jpeg
Customer Relationship Executive,InstaAstro,Noida,"₹ 2,00,000 - 3,00,000",0-1 years,https://internshala.com/uploads/logo%2F647d92e483e131685951204.jpeg
Loan Officer,WeMakeScholars,"Indore, Kanpur, Hyderabad, Bhopal, Jalandhar, Begumpet, Rajasthali, Punjab, Karnataka","₹ 3,50,000 - 3,90,000",0-1 years,https://internshala-uploads.internshala.com/logo%2F5e2fdcc7782c41580195015.png.webp
Business Development Manager,Bonanza Portfolio Limited,"Amritsar, Delhi, Jalandhar, Panchkula, Bangalore","₹ 3,00,000 - 4,20,000",1-5 years,https://internshala-uploads.internshala.com/logo%2Favczy3vtzhl-10454.png.webp
Human Resources (HR) Executive,R J Gala & Associates,Mumbai,"₹ 2,00,000",1-2 years,none
Cinematographer,Bluntly Streaming,"Delhi, Gurgaon, Noida","₹ 2,00,000 - 3,00,000",0 years,none
Export Business Development Manager,Slaughter & Fox,"Kolkata, Goa Velha                                            (Hybrid)","₹ 7,00,000 - 9,00,000",2-5 years,https://internshala-uploads.internshala.com/logo%2F5e2fdd965c0371580195222.png.webp
3D Art,Bluntly Streaming,"Delhi, Gurgaon, Noida","₹ 2,00,000 - 3,00,000",0 years,none
